Color,S_latitude,S_Longtitude,T_Latitude,T_Longtitude
R,36.29004853,127.4631168,36.28943046,127.4633408
G,36.29004853,127.4631168,36.29581965,127.4605998
G,36.29581965,127.4605998,36.29004853,127.4631168
Y,36.30582549,127.4522886,36.30843443,127.4504199
